,Year,Extraversion,Number of textees,Hours of sleep,Handedness,First pant leg,Sleep position
1,Rising fourth,10.0,5.0,8.0,Right-handed,Right leg in first,On your left side
2,Rising fourth,3.0,1.0,8.0,Right-handed,Left leg in first,On your right side
3,Rising second,8.0,20.0,7.0,Right-handed,Right leg in first,On your stomach
4,Rising fourth,4.0,0.0,0.0,I don't know,I don't know,I don't know
5,Rising second,5.0,2.0,6.0,Right-handed,Left leg in first,On your back
6,Rising second,7.0,0.0,7.5,Left-handed,Left leg in first,On your left side
7,Rising second,3.0,4.0,8.0,Right-handed,Right leg in first,On your left side
8,Rising second,6.0,5.0,8.0,Right-handed,Left leg in first,On your right side
9,Rising third,3.0,5.0,7.0,Right-handed,Right leg in first,On your right side
10,Rising third,8.0,10.0,8.5,Left-handed,Left leg in first,On your right side
11,Rising third,4.0,7.0,8.0,Right-handed,Left leg in first,On your right side
12,Other,7.0,3.0,8.0,Right-handed,Right leg in first,On your left side
13,Rising fifth or above,5.0,15.0,6.0,Right-handed,Right leg in first,On your back
14,Rising third,2.0,5.0,3.0,Right-handed,Right leg in first,On your right side
15,Rising third,5.0,3.0,7.0,Right-handed,Left leg in first,On your back
16,Rising third,3.0,3.0,7.0,Right-handed,Left leg in first,On your back
17,Rising second,5.0,3.0,7.0,Right-handed,Left leg in first,On your right side
18,Rising third,8.0,10.0,8.0,Right-handed,Left leg in first,On your left side
19,Rising second,7.0,10.0,7.0,Right-handed,Right leg in first,On your left side
20,Rising second,3.0,5.0,9.0,Right-handed,I don't know,I don't know
21,Rising third,6.0,12.0,6.0,Right-handed,Right leg in first,On your right side
22,Rising second,4.0,1.0,4.0,Right-handed,Left leg in first,On your stomach
23,Rising fourth,0.0,0.0,0.0,I don't know,I don't know,I don't know
24,Rising fourth,6.0,6.0,8.0,Right-handed,Left leg in first,On your right side
25,Not an undergrad,4.0,6.0,7.5,Right-handed,Right leg in first,On your left side
26,Not an undergrad,3.0,3.0,8.0,Right-handed,I don't know,On your left side
27,Rising third,7.0,5.0,7.0,Right-handed,Left leg in first,On your right side
28,Rising second,6.0,7.0,8.0,Right-handed,Left leg in first,On your right side
29,Rising third,6.0,7.0,7.0,Right-handed,Right leg in first,On your right side
30,Rising second,5.0,2.0,8.0,Left-handed,Right leg in first,On your left side
31,Rising second,1.0,1.0,8.0,Right-handed,Right leg in first,I don't know
32,Not an undergrad,4.0,5.0,6.0,Right-handed,Right leg in first,On your right side
33,Incoming first,5.0,2.0,7.0,Right-handed,Right leg in first,On your back
34,Rising second,7.0,5.0,7.0,Right-handed,Right leg in first,On your left side
35,Rising fourth,3.0,0.0,8.0,Right-handed,Left leg in first,On your right side
36,Rising third,9.0,4.0,6.0,Right-handed,Right leg in first,On your right side
37,Rising fourth,0.0,0.0,0.0,I don't know,I don't know,I don't know
38,Rising second,8.0,4.0,7.0,Right-handed,Left leg in first,On your back
39,Rising fourth,8.0,5.0,8.0,Right-handed,Right leg in first,On your back
40,Rising third,5.0,6.0,7.0,Right-handed,Right leg in first,On your stomach
41,Rising third,4.0,0.0,0.0,I don't know,I don't know,I don't know
42,Rising second,7.0,4.0,7.0,Right-handed,Left leg in first,On your right side
43,Rising second,5.0,2.0,7.0,Right-handed,Left leg in first,On your back
44,Rising third,2.0,1.0,7.0,Right-handed,Left leg in first,On your back
45,Rising fourth,0.0,0.0,0.0,I don't know,I don't know,I don't know
46,Rising second,3.0,0.0,0.0,Right-handed,Left leg in first,On your back
47,Rising third,3.0,5.0,6.0,Right-handed,Left leg in first,On your left side
48,Rising second,5.0,4.0,7.0,Right-handed,Right leg in first,On your stomach
49,Rising third,7.0,3.0,5.0,Right-handed,Right leg in first,On your left side
50,Rising third,0.0,6.0,8.0,Right-handed,Left leg in first,On your back
51,Rising third,7.0,6.0,6.5,Right-handed,I don't know,On your back
52,Rising second,4.0,2.0,8.0,Right-handed,Left leg in first,On your back
53,Rising second,8.0,7.0,10.0,Right-handed,Left leg in first,On your back
54,Rising second,7.0,5.0,9.0,Right-handed,Right leg in first,On your right side
55,Rising third,5.0,5.0,7.0,Left-handed,Right leg in first,On your left side
56,Rising third,4.0,3.0,5.0,Left-handed,Left leg in first,On your left side
57,Rising second,4.0,0.0,0.0,I don't know,I don't know,I don't know
58,Rising third,5.0,1.0,9.0,Right-handed,Right leg in first,On your left side
59,Rising third,4.0,2.0,6.0,Right-handed,Right leg in first,On your right side
60,Rising second,5.0,3.0,6.0,Right-handed,Left leg in first,On your left side
61,Rising fourth,6.0,3.0,7.0,Right-handed,Right leg in first,On your right side
62,Rising second,4.0,4.0,6.0,Right-handed,Right leg in first,On your left side
63,Rising second,4.0,6.0,7.0,Right-handed,Right leg in first,On your right side
64,Rising third,2.0,2.0,7.0,Right-handed,Right leg in first,On your right side
65,Rising fifth or above,6.0,4.0,8.0,Right-handed,Right leg in first,On your right side
66,Rising fourth,5.0,0.0,0.0,Right-handed,Right leg in first,On your right side
67,Rising fourth,0.0,0.0,0.0,I don't know,I don't know,I don't know
68,Rising fourth,0.0,0.0,0.0,I don't know,I don't know,I don't know
69,Rising second,5.0,3.0,6.0,Left-handed,Left leg in first,On your right side
70,Rising fifth or above,10.0,4.0,7.0,Right-handed,Right leg in first,On your right side
71,Rising second,3.0,5.0,8.0,Right-handed,Right leg in first,On your back
72,Rising second,4.0,6.0,7.0,Right-handed,I don't know,On your back
73,Rising third,7.0,3.0,8.0,Right-handed,Left leg in first,On your back
74,Not an undergrad,7.0,3.0,8.0,Right-handed,Right leg in first,On your left side
75,Rising second,4.0,4.0,6.0,Left-handed,Left leg in first,On your left side
76,Rising third,8.0,5.0,7.5,Right-handed,Left leg in first,On your back
77,Rising second,5.0,5.0,7.0,Right-handed,Left leg in first,On your right side
78,Rising second,6.0,5.0,7.0,Right-handed,Right leg in first,On your left side
79,Rising fifth or above,3.0,0.0,0.0,I don't know,I don't know,I don't know
80,Rising second,6.0,4.0,6.0,Right-handed,Right leg in first,On your right side
81,Rising third,2.0,2.0,8.0,Right-handed,I don't know,On your left side
82,Other,0.0,0.0,0.0,Right-handed,I don't know,I don't know
83,Rising third,8.0,6.0,8.0,Right-handed,I don't know,On your right side
84,Rising third,4.0,3.0,7.0,Right-handed,I don't know,On your back
85,Rising fourth,4.0,4.0,6.0,Right-handed,Right leg in first,On your stomach
86,Rising fourth,6.0,0.0,0.0,I don't know,I don't know,I don't know
87,Not an undergrad,4.0,5.0,8.0,Right-handed,Right leg in first,On your left side
88,Rising second,6.0,3.0,8.0,Right-handed,I don't know,On your left side
89,Rising second,0.0,0.0,0.0,I don't know,I don't know,I don't know
90,Rising fourth,0.0,0.0,0.0,I don't know,I don't know,I don't know
91,Rising second,5.0,8.0,7.0,Right-handed,Right leg in first,On your right side
92,Rising third,4.0,3.0,4.0,Right-handed,Left leg in first,On your stomach
93,Not an undergrad,6.0,10.0,7.5,Left-handed,Left leg in first,On your back
94,Incoming first,3.0,69.0,9.0,Right-handed,I don't know,On your stomach
95,Rising second,4.0,4.0,8.0,Right-handed,Left leg in first,On your left side
96,Rising third,0.0,0.0,0.0,Right-handed,Right leg in first,I don't know
97,Not an undergrad,6.0,5.0,8.0,Left-handed,Left leg in first,On your left side
98,Rising second,3.0,10.0,6.0,Left-handed,Right leg in first,On your back
99,Not an undergrad,8.0,10.0,8.0,Right-handed,Right leg in first,On your left side
100,Rising third,3.0,4.0,6.0,Left-handed,Right leg in first,On your left side
101,Rising second,8.0,1.0,8.0,Left-handed,Left leg in first,On your right side
102,Not an undergrad,4.0,3.0,7.0,Right-handed,Right leg in first,On your right side
103,Rising second,7.0,4.0,8.0,Right-handed,I don't know,On your right side
104,Rising fourth,9.0,10.0,7.0,Right-handed,Right leg in first,On your right side
105,Rising fourth,7.0,7.0,7.0,Right-handed,Right leg in first,On your right side
106,Rising fourth,7.0,5.0,7.0,Right-handed,Left leg in first,On your left side
107,Rising second,5.0,2.0,5.0,Right-handed,Right leg in first,On your left side
108,Rising fourth,3.0,3.0,8.0,Right-handed,Left leg in first,On your right side
109,Not an undergrad,2.0,4.0,7.0,Right-handed,Right leg in first,On your back
110,Rising second,4.0,10.0,7.5,Left-handed,Right leg in first,On your back
111,Rising second,3.0,2.0,8.0,Right-handed,Left leg in first,On your left side
112,Rising second,3.0,2.0,6.0,Right-handed,Left leg in first,On your left side
113,Rising third,4.0,0.0,7.0,Right-handed,Right leg in first,On your back
114,Rising second,8.0,5.0,7.0,Right-handed,Left leg in first,On your back
115,Not an undergrad,3.0,0.0,0.0,Right-handed,I don't know,I don't know
116,Rising second,6.0,6.0,7.0,Right-handed,Left leg in first,On your right side
117,Rising second,8.0,3.0,8.0,Right-handed,Right leg in first,On your left side
118,Rising third,3.0,1.0,7.0,Right-handed,Left leg in first,On your back
119,Incoming first,6.0,5.0,7.0,Right-handed,Right leg in first,On your right side
120,Rising second,4.0,2.0,7.0,Right-handed,Right leg in first,On your back
121,Rising second,0.0,0.0,0.0,Right-handed,I don't know,I don't know
122,Rising fifth or above,6.0,5.0,7.5,Right-handed,Left leg in first,On your left side
123,Rising fourth,5.0,4.0,8.0,Right-handed,Right leg in first,On your right side
124,Rising fourth,6.0,5.0,5.0,Right-handed,Right leg in first,On your right side
125,Rising second,5.0,10.0,8.0,Right-handed,I don't know,On your right side
126,Rising fourth,2.0,1.0,6.0,Right-handed,Right leg in first,On your right side
127,Rising second,5.0,4.0,7.0,Left-handed,Left leg in first,On your stomach
128,Rising second,0.0,0.0,0.0,I don't know,I don't know,I don't know
129,Rising second,10.0,3.0,8.0,Right-handed,Right leg in first,On your right side
130,Rising second,6.0,0.0,0.0,I don't know,I don't know,I don't know
131,Rising third,8.0,0.0,6.0,Right-handed,Right leg in first,On your right side
132,Rising fourth,7.0,5.0,7.0,Right-handed,Right leg in first,On your left side
133,Rising fifth or above,5.0,3.0,6.0,Right-handed,Left leg in first,On your right side
134,Rising third,9.0,10.0,7.0,Right-handed,Left leg in first,On your right side
135,Rising second,9.0,5.0,7.0,Right-handed,Right leg in first,On your left side
136,Rising fourth,9.0,5.0,5.0,Right-handed,Left leg in first,On your left side
137,Rising third,6.0,2.0,7.0,Right-handed,Right leg in first,On your right side
138,Rising second,3.0,3.0,7.0,Right-handed,Right leg in first,On your left side
139,Not an undergrad,3.0,15.0,5.0,Right-handed,Right leg in first,On your right side
140,Rising second,3.0,2.0,6.5,Right-handed,Left leg in first,On your left side
141,Rising third,4.0,10.0,6.0,Right-handed,Right leg in first,On your right side
142,Rising second,3.0,3.0,8.0,Right-handed,Right leg in first,On your right side
143,Rising third,0.0,0.0,0.0,I don't know,I don't know,I don't know
144,Rising second,8.0,10.0,8.0,Right-handed,Left leg in first,On your right side
145,Rising second,7.0,6.0,8.0,Right-handed,Right leg in first,On your right side
146,Not an undergrad,3.0,3.0,9.0,Right-handed,I don't know,I don't know
147,Rising second,3.0,8.0,5.0,Right-handed,Right leg in first,On your left side
148,Rising second,4.0,3.0,7.0,Right-handed,Right leg in first,On your right side
149,Rising second,7.0,3.0,9.0,Right-handed,Right leg in first,On your right side
150,Rising second,3.0,5.0,6.0,Right-handed,Right leg in first,On your right side
151,Rising second,4.0,15.0,7.0,Right-handed,Right leg in first,On your back
152,Rising fourth,4.0,0.0,8.0,Right-handed,Right leg in first,On your left side
153,Rising third,8.0,15.0,8.0,Right-handed,Left leg in first,On your right side
154,Rising third,8.0,5.0,9.0,Right-handed,Right leg in first,On your right side
155,Rising third,5.0,4.0,6.0,Right-handed,Right leg in first,On your right side
156,Rising second,6.0,12.0,7.0,Right-handed,I don't know,On your left side
157,Rising third,5.0,4.0,6.0,Right-handed,Right leg in first,On your left side
158,Rising second,9.0,9.0,8.0,Left-handed,Left leg in first,On your left side
159,Rising third,7.0,2.0,7.0,Right-handed,Right leg in first,On your right side
160,Rising fourth,2.0,1.0,8.0,Right-handed,Right leg in first,On your left side
161,Rising fourth,5.0,5.0,8.0,both,I don't know,On your stomach
162,Rising third,10.0,5.0,6.0,Right-handed,Right leg in first,On your right side
163,Rising fourth,4.0,4.0,6.0,Right-handed,Left leg in first,On your back
164,Rising second,7.0,20.0,6.0,Right-handed,Left leg in first,On your left side
165,Rising fifth or above,5.0,7.0,6.0,Right-handed,I don't know,On your left side
166,Rising second,7.0,9.0,5.0,Right-handed,Right leg in first,On your back
167,Rising second,5.0,2.0,7.0,Right-handed,I don't know,On your back
168,Not an undergrad,3.0,2.0,6.0,Right-handed,Right leg in first,On your back
169,Rising second,5.0,10.0,6.0,Right-handed,Right leg in first,On your back
170,Rising second,7.0,10.0,8.5,Right-handed,Left leg in first,I don't know
171,Rising third,4.0,5.0,7.0,Right-handed,I don't know,On your left side
172,Rising second,8.0,16.0,7.0,Right-handed,Right leg in first,On your back
173,Rising second,5.0,4.0,7.0,Right-handed,Left leg in first,On your back
174,Rising second,4.0,9.0,7.0,Right-handed,Left leg in first,On your left side
175,Rising fourth,3.0,3.0,7.0,Right-handed,I don't know,On your back
176,Rising fifth or above,6.0,3.0,7.0,Right-handed,I don't know,On your back
177,Rising second,7.0,13.0,7.0,Right-handed,Right leg in first,On your back
178,Rising second,0.0,0.0,0.0,I don't know,I don't know,I don't know
179,Rising second,8.0,3.0,6.0,Right-handed,Right leg in first,On your back
180,Rising fourth,0.0,0.0,0.0,Right-handed,I don't know,On your right side
181,Rising third,2.0,2.0,5.0,Right-handed,Left leg in first,On your stomach
182,Rising second,7.0,25.0,7.0,Right-handed,Right leg in first,On your left side
183,Rising third,2.0,2.0,7.0,Right-handed,I don't know,On your left side
184,Rising third,4.0,5.0,5.0,Right-handed,Left leg in first,On your left side
185,Rising second,3.0,5.0,8.0,Right-handed,Left leg in first,On your left side
186,Rising fourth,4.0,3.0,6.0,Right-handed,Right leg in first,On your stomach
187,Rising fourth,9.0,10.0,5.0,Right-handed,Right leg in first,On your back
188,Rising second,7.0,6.0,5.0,Right-handed,I don't know,On your back
189,Rising second,4.0,7.0,7.0,Right-handed,Right leg in first,On your right side
190,Rising second,6.0,3.0,4.0,Right-handed,Left leg in first,On your back
191,Rising third,5.0,7.0,7.0,Right-handed,Right leg in first,On your stomach
192,Rising second,5.0,10.0,6.0,Right-handed,Right leg in first,On your right side
193,Rising second,6.0,5.0,7.0,Right-handed,Left leg in first,On your left side
194,Rising second,0.0,0.0,0.0,I don't know,I don't know,I don't know
195,Rising second,5.0,4.0,8.0,Right-handed,Right leg in first,On your right side
196,Rising second,7.0,2.0,8.0,Right-handed,Left leg in first,On your left side
197,Incoming first,5.0,7.0,7.0,Right-handed,Left leg in first,On your left side
198,Rising third,5.0,2.0,8.0,Right-handed,Left leg in first,On your left side
199,Rising fifth or above,2.0,2.0,7.0,Right-handed,I don't know,On your right side
200,Rising second,7.0,10.0,6.0,Right-handed,Right leg in first,On your left side
201,Rising second,7.0,10.0,6.0,Right-handed,Right leg in first,On your right side
202,Rising second,6.0,8.0,5.0,Right-handed,Left leg in first,On your stomach
203,Rising second,7.0,6.0,7.0,Right-handed,Left leg in first,On your right side
204,Rising second,7.0,15.0,7.0,Right-handed,Left leg in first,On your stomach
205,Rising second,8.0,25.0,5.0,Right-handed,Right leg in first,On your stomach
206,Rising third,3.0,25.0,6.0,Right-handed,I don't know,On your stomach
207,Rising second,8.0,25.0,9.0,Right-handed,Right leg in first,On your back
208,Rising third,8.0,10.0,6.0,Right-handed,Right leg in first,On your left side
209,Rising second,3.0,5.0,7.0,Right-handed,I don't know,On your back
210,Rising second,6.0,5.0,8.0,Right-handed,Right leg in first,On your left side
211,Rising second,8.0,5.0,7.0,Right-handed,Right leg in first,On your right side
212,Rising third,8.0,10.0,8.0,Right-handed,Right leg in first,On your stomach
213,Rising fourth,4.0,3.0,8.0,Right-handed,Right leg in first,On your back
214,Rising fourth,9.0,3.0,8.0,Right-handed,Right leg in first,On your back
215,Rising second,3.0,1.0,8.0,Right-handed,Right leg in first,On your left side
216,Rising third,4.0,3.0,6.0,Right-handed,I don't know,On your left side
217,Incoming first,6.0,10.0,7.0,Right-handed,Right leg in first,On your left side
218,Rising third,7.0,10.0,6.0,Left-handed,Right leg in first,On your stomach
219,Not an undergrad,4.0,10.0,8.0,Right-handed,Left leg in first,On your right side
220,Rising fourth,4.0,7.0,5.0,Right-handed,Right leg in first,On your left side
221,Rising third,4.0,4.0,9.0,Right-handed,Right leg in first,On your right side
222,Rising third,6.0,3.0,7.0,Right-handed,Right leg in first,On your right side
223,Rising fourth,0.0,0.0,0.0,I don't know,I don't know,I don't know
224,Rising fourth,7.0,1.0,7.0,Right-handed,Right leg in first,On your right side
225,Rising third,5.0,2.0,7.0,Right-handed,Right leg in first,On your right side
226,Rising second,4.0,3.0,6.0,I don't know,Right leg in first,On your left side
227,Rising third,5.0,5.0,8.0,Right-handed,Left leg in first,On your left side
228,Rising second,0.0,0.0,0.0,I don't know,I don't know,I don't know
229,Rising second,4.0,3.0,7.0,Right-handed,Left leg in first,On your right side
230,Rising third,4.0,1.0,7.0,Right-handed,Left leg in first,On your back
231,Rising second,7.0,8.0,0.0,Right-handed,Left leg in first,On your right side
232,Not an undergrad,6.0,10.0,7.5,Right-handed,Right leg in first,On your back
233,Rising fourth,7.0,5.0,6.0,Right-handed,Right leg in first,On your right side
234,Rising second,6.0,3.0,7.0,Right-handed,Left leg in first,On your right side
235,Rising second,6.0,10.0,7.5,Right-handed,Left leg in first,On your back
236,Rising third,6.0,3.0,8.0,Right-handed,I don't know,On your left side
237,Rising third,6.0,5.0,8.0,Right-handed,I don't know,On your stomach
238,Rising third,7.0,3.0,7.0,Right-handed,I don't know,On your left side
239,Rising second,4.0,4.0,8.0,Right-handed,Left leg in first,On your right side
240,Not an undergrad,7.0,10.0,7.0,Right-handed,Right leg in first,On your back
241,Rising second,3.0,10.0,7.0,Right-handed,Right leg in first,On your stomach
242,Rising second,3.0,5.0,7.0,Right-handed,I don't know,On your right side
243,Other,5.0,3.0,7.0,Right-handed,Right leg in first,On your right side
244,Rising fifth or above,9.0,15.0,7.0,Right-handed,I don't know,On your right side
245,Not an undergrad,4.0,2.0,7.0,Right-handed,Left leg in first,On your right side
246,Rising second,7.0,10.0,7.0,Right-handed,Left leg in first,On your stomach
247,Rising fourth,0.0,0.0,0.0,I don't know,I don't know,I don't know
248,Rising fourth,3.0,2.0,6.0,Right-handed,Right leg in first,On your back
249,Rising fourth,4.0,0.0,7.0,Right-handed,Right leg in first,On your right side
250,Rising fourth,3.0,8.0,8.0,Right-handed,Right leg in first,On your right side
251,Rising second,9.0,10.0,7.5,Left-handed,Right leg in first,I don't know
252,Rising third,6.0,5.0,7.0,Right-handed,Left leg in first,On your right side
253,Rising third,7.0,5.0,7.0,Right-handed,Right leg in first,On your left side
254,Rising fifth or above,6.0,2.0,7.0,Right-handed,Right leg in first,On your right side
255,Rising fourth,7.0,0.0,0.0,I don't know,I don't know,I don't know
256,Rising second,7.0,1.0,7.0,Right-handed,Right leg in first,On your left side
257,Rising third,5.0,1.0,8.0,Right-handed,Right leg in first,On your back
258,Rising fourth,5.0,2.0,6.0,Right-handed,Right leg in first,On your left side
259,Rising second,7.0,4.0,7.0,Right-handed,Right leg in first,On your right side
260,Rising third,2.0,4.0,6.0,Left-handed,Right leg in first,On your right side
261,Rising second,1.0,1.0,6.5,Right-handed,Right leg in first,On your right side
262,Rising fourth,10.0,10.0,6.0,"Both, kinda",Right leg in first,On your right side
263,Rising third,7.0,3.0,7.0,Right-handed,Right leg in first,On your left side
264,Rising second,7.0,3.0,7.0,Right-handed,Left leg in first,On your right side
265,Rising third,9.0,15.0,5.0,Right-handed,Left leg in first,On your left side
266,Rising second,4.0,5.0,8.0,Right-handed,Right leg in first,On your back
267,Rising second,8.0,10.0,7.0,Right-handed,I don't know,On your stomach
268,Rising fourth,6.0,2.0,6.0,Right-handed,Right leg in first,I don't know
269,Rising second,6.0,4.0,8.0,Right-handed,Right leg in first,On your left side
270,Rising third,3.0,3.0,7.0,Right-handed,I don't know,On your back
271,Other,6.0,4.0,7.0,Right-handed,Right leg in first,On your back
272,Rising third,3.0,1.0,6.0,Right-handed,I don't know,On your stomach
273,Rising fourth,6.0,0.0,0.0,Right-handed,I don't know,I don't know
274,Rising second,3.0,20.0,5.0,Left-handed,Right leg in first,On your back
275,Rising fourth,0.0,0.0,0.0,I don't know,I don't know,I don't know
276,Rising second,6.0,0.0,0.0,I don't know,I don't know,I don't know
277,Rising third,3.0,3.0,8.0,Right-handed,Left leg in first,On your right side
278,Rising third,6.0,3.0,7.0,Left-handed,Right leg in first,On your right side
279,Not an undergrad,0.0,0.0,0.0,Left-handed,I don't know,I don't know
280,Rising third,3.0,5.0,7.0,Right-handed,Right leg in first,On your right side
281,Rising third,5.0,2.0,7.0,Right-handed,Right leg in first,On your back
282,Rising second,7.0,30.0,8.0,Right-handed,Right leg in first,On your stomach
283,Rising fourth,3.0,13.0,9.0,Left-handed,Left leg in first,On your back
284,Rising second,2.0,7.0,6.0,Right-handed,Left leg in first,On your back
285,Not an undergrad,7.0,5.0,7.0,Right-handed,Right leg in first,On your right side
286,Rising fourth,3.0,4.0,7.0,Right-handed,Right leg in first,On your stomach
287,Rising third,5.0,5.0,8.0,Right-handed,Right leg in first,On your left side
288,Rising fourth,7.0,4.0,10.0,Both,Right leg in first,On your right side
289,Rising second,5.0,4.0,8.0,Right-handed,I don't know,On your right side
290,Rising fourth,2.0,0.0,7.0,Right-handed,Right leg in first,On your right side
291,Rising second,0.0,0.0,0.0,I don't know,I don't know,I don't know
292,Rising fourth,5.0,3.0,8.0,Right-handed,Right leg in first,On your right side
293,Rising third,6.0,3.0,7.0,Right-handed,Right leg in first,On your back
294,Rising fourth,6.0,15.0,6.0,Left-handed,Left leg in first,On your back
295,Rising third,4.0,4.0,7.0,Right-handed,Left leg in first,On your back
296,Rising fourth,7.0,2.0,7.0,Right-handed,Right leg in first,On your stomach
297,Rising second,10.0,5.0,7.0,Right-handed,Right leg in first,On your stomach
298,Not an undergrad,4.0,5.0,7.0,Right-handed,I don't know,On your right side
299,Rising fourth,1.0,5.0,8.0,Right-handed,I don't know,On your stomach
300,Rising third,5.0,3.0,7.0,Right-handed,I don't know,On your right side
301,Rising second,7.0,5.0,9.0,Right-handed,Right leg in first,On your back
302,Rising third,9.0,3.0,8.0,Right-handed,Left leg in first,On your right side
303,Incoming first,8.0,0.0,0.0,I don't know,I don't know,I don't know
304,Not an undergrad,4.0,9.0,7.0,Right-handed,Right leg in first,On your left side
305,Other,6.0,5.0,6.0,Right-handed,Left leg in first,On your right side
306,Rising second,7.0,4.0,8.0,Right-handed,I don't know,On your right side
307,Rising second,6.0,8.0,6.0,Right-handed,I don't know,On your back
308,Rising fourth,7.0,5.0,7.0,Right-handed,Left leg in first,On your right side
309,Rising second,5.0,4.0,7.0,I don't know,I don't know,On your back
310,Rising second,3.0,2.0,8.0,Right-handed,Right leg in first,On your right side
311,Rising third,0.0,0.0,0.0,I don't know,I don't know,I don't know
312,Rising second,5.0,1.0,6.0,Right-handed,Left leg in first,On your right side
313,Rising fourth,4.0,3.0,6.0,Right-handed,I don't know,On your left side
314,Rising third,5.0,5.0,7.0,Right-handed,I don't know,On your left side
315,Not an undergrad,4.0,5.0,8.0,Right-handed,Left leg in first,On your right side
316,Rising fourth,5.0,5.0,6.0,Right-handed,Right leg in first,On your right side
317,Rising second,3.0,10.0,6.0,Right-handed,Right leg in first,On your right side
318,Rising fourth,0.0,0.0,0.0,I don't know,I don't know,I don't know
319,Rising third,8.0,0.0,0.0,Right-handed,Right leg in first,On your left side
320,Rising fourth,6.0,4.0,6.0,Right-handed,Right leg in first,On your back
321,Rising second,5.0,8.0,7.0,Right-handed,Right leg in first,On your left side
322,Rising second,4.0,3.0,9.0,Left-handed,Right leg in first,On your left side
323,Rising second,7.0,20.0,7.0,Right-handed,Left leg in first,On your back
324,Incoming first,5.0,10.0,6.0,Right-handed,Right leg in first,On your back
325,Rising fourth,3.0,2.0,5.0,Left-handed,Left leg in first,On your left side
326,Rising second,3.0,0.0,0.0,Right-handed,I don't know,I don't know
327,Not an undergrad,8.0,0.0,6.0,Right-handed,I don't know,On your stomach
328,Rising third,4.0,3.0,6.0,Right-handed,I don't know,On your back
329,Rising third,4.0,3.0,7.0,Right-handed,I don't know,On your stomach
330,Rising fourth,3.0,7.0,6.0,Right-handed,Right leg in first,On your left side
331,Rising second,4.0,4.0,7.0,Right-handed,Left leg in first,On your stomach
332,Rising second,4.0,6.0,7.0,Left-handed,Right leg in first,On your stomach
333,Other,0.0,0.0,7.0,Right-handed,I don't know,I don't know
334,Rising third,8.0,5.0,8.0,Right-handed,Right leg in first,On your back
335,Rising fourth,4.0,15.0,7.0,Right-handed,Left leg in first,On your right side
336,Rising fourth,3.0,4.0,10.0,Right-handed,Left leg in first,On your left side
337,Rising second,7.0,3.0,9.0,Right-handed,Right leg in first,On your right side
338,Rising fourth,0.0,0.0,0.0,I don't know,I don't know,I don't know
339,Rising third,5.0,6.0,8.0,Right-handed,Right leg in first,On your back
340,Rising fourth,0.0,0.0,0.0,I don't know,I don't know,I don't know
341,Not an undergrad,8.0,5.0,7.0,Right-handed,Left leg in first,On your right side
342,Rising third,5.0,5.0,6.0,Right-handed,Left leg in first,On your stomach
343,Rising second,4.0,10.0,7.0,Right-handed,Right leg in first,On your left side
344,Rising second,7.0,6.0,8.0,Left-handed,I don't know,On your left side
345,Rising fourth,6.0,0.0,5.0,Right-handed,I don't know,I don't know
346,Rising third,5.0,2.0,6.0,Right-handed,Left leg in first,On your right side
347,Rising fourth,6.0,0.0,0.0,Right-handed,I don't know,On your right side
348,Rising fourth,3.0,0.0,7.0,Right-handed,Right leg in first,On your back
349,Rising second,6.0,5.0,7.0,Right-handed,Right leg in first,On your stomach
350,Rising third,0.0,0.0,8.0,Left-handed,I don't know,I don't know
351,Rising third,3.0,2.0,6.0,Right-handed,Left leg in first,On your right side
352,Rising third,6.0,5.0,6.0,Right-handed,Left leg in first,On your right side
353,Rising third,6.0,2.0,5.0,Right-handed,Right leg in first,On your right side
354,Rising second,3.0,5.0,7.0,Right-handed,Left leg in first,On your back
355,Rising fifth or above,6.0,7.0,8.0,Left-handed,Left leg in first,On your stomach
356,Not an undergrad,3.0,0.0,8.0,Right-handed,Right leg in first,On your right side
357,Rising fourth,2.0,1.0,7.0,Right-handed,Right leg in first,On your right side
358,Not an undergrad,3.0,5.0,6.0,Right-handed,Right leg in first,On your left side
359,Rising second,4.0,3.0,7.0,Right-handed,Right leg in first,On your stomach
360,Not an undergrad,8.0,20.0,6.0,Right-handed,Left leg in first,On your stomach
361,Other,5.0,5.0,7.0,Right-handed,Left leg in first,I don't know
362,Rising second,7.0,0.0,0.0,Right-handed,Left leg in first,On your right side
363,Rising second,7.0,5.0,7.0,Right-handed,Right leg in first,On your stomach
364,Rising fourth,8.0,5.0,8.0,Right-handed,I don't know,On your left side
365,Rising second,3.0,3.0,5.0,Right-handed,Right leg in first,On your back
366,Rising fourth,5.0,2.0,8.0,Right-handed,Right leg in first,On your right side
367,Rising third,6.0,5.0,6.0,Right-handed,Right leg in first,On your right side
368,Rising fifth or above,5.0,7.0,7.0,Right-handed,Right leg in first,On your stomach
369,Rising second,8.0,7.0,6.0,Left-handed,Left leg in first,On your right side
370,Rising second,8.0,4.0,7.0,Right-handed,Right leg in first,On your right side
371,Rising fourth,5.0,3.0,6.0,Left-handed,Left leg in first,On your left side
372,Rising fourth,4.0,5.0,0.0,Right-handed,Right leg in first,On your stomach
373,Rising fourth,8.0,10.0,8.0,Right-handed,Right leg in first,On your left side
374,Rising fifth or above,6.0,10.0,8.0,Right-handed,I don't know,On your back
375,Rising third,7.0,4.0,7.0,Right-handed,Left leg in first,On your stomach
376,Rising fourth,4.0,3.0,8.0,Right-handed,Right leg in first,On your stomach
377,Rising second,2.0,1.0,6.0,Right-handed,Left leg in first,On your left side
378,Rising second,3.0,6.0,8.0,Right-handed,Right leg in first,On your right side
379,Rising fourth,10.0,10.0,8.0,Right-handed,Left leg in first,On your back
380,Rising second,6.0,5.0,7.0,Right-handed,Right leg in first,On your right side
381,Rising second,4.0,3.0,8.0,Right-handed,I don't know,On your right side
382,Rising fourth,10.0,5.0,7.0,Right-handed,Left leg in first,On your left side
383,Rising third,3.0,2.0,6.0,Right-handed,Left leg in first,On your back
384,Rising second,4.0,6.0,8.0,Right-handed,Right leg in first,On your right side
385,Rising fourth,6.0,3.0,8.0,Right-handed,Left leg in first,On your right side
386,Rising second,2.0,3.0,8.0,Right-handed,Left leg in first,On your back
387,Rising second,7.0,5.0,8.0,Right-handed,Right leg in first,On your right side
388,Rising fourth,8.0,3.0,5.0,Right-handed,Right leg in first,On your back
389,Rising second,5.0,6.0,7.5,Right-handed,Right leg in first,On your left side
390,Rising second,6.0,0.0,0.0,Right-handed,I don't know,On your stomach
391,Rising second,5.0,8.0,7.0,Right-handed,Left leg in first,On your back
392,Not an undergrad,4.0,3.0,6.0,Right-handed,Right leg in first,On your back
393,Rising third,4.0,3.0,8.0,Right-handed,Right leg in first,On your stomach
394,Rising third,5.0,10.0,6.0,Right-handed,Left leg in first,On your stomach
395,Rising fourth,8.0,3.0,7.0,Right-handed,Left leg in first,On your left side
396,Rising second,4.0,5.0,8.0,Right-handed,Right leg in first,On your back
397,Rising fourth,5.0,4.0,7.0,Right-handed,Left leg in first,On your back
398,Rising third,3.0,5.0,7.0,Right-handed,Right leg in first,On your right side
399,Rising third,6.0,0.0,0.0,Right-handed,Left leg in first,I don't know
400,Rising fourth,0.0,0.0,0.0,I don't know,I don't know,I don't know
401,Rising fourth,4.0,6.0,7.0,Right-handed,Left leg in first,On your right side
402,Rising second,3.0,3.0,7.0,Right-handed,Right leg in first,On your right side
403,Incoming first,2.0,4.0,8.0,Right-handed,Left leg in first,On your left side
404,Rising fourth,4.0,1.0,7.0,Right-handed,Right leg in first,On your stomach
405,Rising second,7.0,3.0,7.0,Right-handed,Left leg in first,On your left side
406,Other,2.0,4.0,1.0,both handed,I don't know,On your back
407,Rising fourth,8.0,10.0,6.0,Right-handed,Left leg in first,On your left side
408,Rising fourth,4.0,6.0,7.0,Right-handed,Right leg in first,On your right side
409,Rising third,4.0,5.0,8.0,Right-handed,Left leg in first,On your right side
410,Rising third,7.0,3.0,10.0,Right-handed,I don't know,On your left side
411,Rising second,7.0,7.0,8.0,Right-handed,Right leg in first,On your left side
412,Rising third,7.0,5.0,5.0,Right-handed,Left leg in first,On your stomach
413,Rising fourth,4.0,4.0,8.0,Right-handed,Right leg in first,On your back
414,Rising fourth,7.0,3.0,7.0,Right-handed,Right leg in first,On your back
415,Rising third,4.0,4.0,5.0,Right-handed,Right leg in first,On your stomach
416,Rising third,3.0,4.0,6.0,Right-handed,Right leg in first,On your right side
417,Rising fourth,3.0,7.0,8.0,Right-handed,Left leg in first,On your back
418,Rising fourth,2.0,3.0,5.0,Right-handed,I don't know,On your left side
419,Rising fourth,7.0,5.0,7.0,Right-handed,I don't know,On your stomach
420,Rising second,8.0,8.0,5.0,Right-handed,I don't know,On your stomach
421,Rising fourth,4.0,5.0,5.0,Left-handed,Left leg in first,On your left side
422,Rising second,3.0,3.0,6.0,Right-handed,Right leg in first,On your back
423,Rising second,4.0,4.0,8.0,Right-handed,Left leg in first,On your back
424,Rising second,5.0,0.0,0.0,I don't know,I don't know,I don't know
425,Rising third,3.0,3.0,6.0,Right-handed,Right leg in first,On your right side
426,Rising third,5.0,2.0,7.0,Right-handed,I don't know,On your back
427,Rising fifth or above,7.0,6.0,6.0,Right-handed,Left leg in first,On your right side
428,Rising third,8.0,5.0,10.0,Right-handed,Left leg in first,On your left side
